run_id,patch,name,contigs,pdb,iterations,hotspot,num_designs,num_seqs,initial_guess,num_recycles,use_multimer,rm_aa,mpnn_sampling_temp,Notes
0,0,HPV_capsid_around_the_pore_X137,B:C:D:E:F:20-40,/content/7kzf_reduced_around_X137.pdb,50,"B137,C137,D137,E137,F137",2,8,TRUE,3,FALSE,C,0.1,
1,0,HPV_capsid_around_the_pore_X137,B:C:D:E:F:20-40,/content/7kzf_reduced_around_X137.pdb,50,"B137,C137,D137,E137,F137",1,8,TRUE,3,FALSE,C,0.1,
2,0,HPV_capsid_around_the_pore_X137,B:C:D:E:F:20-40,/content/7kzf_reduced_around_X137.pdb,50,"B137,C137,D137,E137,F137",2,8,TRUE,3,FALSE,C,0.1,
3,0,HPV_capsid_in_B126_to_B130_groove_of_126_to_135_structre,B:C:D:E:F:20-40,/content/7kzf_reduced_around_X126_to_135.pdb,50,"B126,B127,B128,B129,B130",8,8,TRUE,3,FALSE,C,0.1,
4,0,HPV_capsid_in_B126_to_B130_groove_of_126_to_135_structre,B:C:D:E:F:20-40,/content/7kzf_reduced_around_X126_to_135.pdb,50,"B126,B127,B128,B129,B130",1,8,TRUE,3,FALSE,C,0.1,
5,0,HPV_capsid_in_B126_to_B130_groove_of_126_to_135_structre,B:C:D:E:F:20-40,/content/7kzf_reduced_around_X126_to_135.pdb,50,"B126,B127,B128,B129,B130",2,8,TRUE,3,FALSE,C,0.1,
6,0,HPV_capsid_in_B126_to_B130_groove_of_126_to_135_structre,B:C:D:E:F:10-20,/content/7kzf_reduced_around_X126_to_135.pdb,50,"B126,B127,B128,B129,B130",4,8,TRUE,3,FALSE,C,0.1,
7,0,HPV_capsid_on_B39_42_65_447_479_groove,B:C:32-48,/content/7kzf_B39_42_65_447_449_r20.pdb,50,"B39,B42,B65,B447,B449",8,8,TRUE,3,FALSE,C,0.1,
8,0,HPV_capsid_on_B39_42_65_447_479_groove_from_complete_B_and_C,B:C:32-48,7kzf,50,"B39,B42,B65,B447,B449",1,8,TRUE,3,FALSE,C,0.1,
9,0,HPV_capsid_on_B39_42_65_447_479_groove_from_complete_B_and_C,B:C:70-80,7kzf,50,"B39,B42,B65,B447,B449",4,8,TRUE,3,FALSE,C,0.1,
10,0,HPV_capsid_on_B39_42_65_447_479_groove_from_complete_B_and_C,B:C:70-80,7kzf,50,"B39,B42,B65,B447,B449",4,8,TRUE,3,FALSE,C,0.1,
0,1,p01_run00_2xgf,A:B:C:100-110,/content/manually_reduced_2xgf.pdb,50,"A949,B949,C949",4,8,TRUE,3,FALSE,C,0.1,
1,1,p01_run01_2xgf,A:B:C:100-110,/content/manually_reduced_2xgf.pdb,50,"A949,B949,C949",4,8,TRUE,3,FALSE,C,0.1,
2,1,p01_run02_2xgf,A:B:C:100-110,/content/manually_reduced_2xgf.pdb,50,"A949,B949,C949",4,8,TRUE,3,FALSE,C,0.1,
4,1,p01_run04_2xgf,A:B:C:150-160,/content/p01_run04_2xgf_X937_X959_X964_r30.pdb,50,"A937,A959,A964,B937,B959,B964,C937,C959,C964",4,8,TRUE,3,FALSE,C,0.1,
5,1,p01_run05_2xgf_cmxqn.result,A:B:C:150-160,/content/p01_run05_2xgf_X928_X949_r30.pdb,50,"A928,A949,B928,B949,C928,C949",4,8,TRUE,3,FALSE,C,0.1,
6,1,p01_run06_2xgf,A:B:C:150-160,/content/p01_run06_2xgf_X928_X939_r30.pdb,50,"A928,A939,B928,B939,C928,C939",4,8,TRUE,3,FALSE,C,0.1,
7,1,p01_run07_2xgf,A:B:C:150-160,/content/manually_reduced_2xgf.pdb,50,"X954,X949",4,8,TRUE,3,FALSE,C,0.1,
8,1,p01_run08_2xgf,A:B:C:150-160,/content/p01_run08_2xgf_X954_X939_r30.pdb,50,"A954,A939,B954,B939,C954,C939",4,8,TRUE,3,FALSE,C,0.1,
9,1,p01_run09_2xgf,A:B:C:150-160,/content/manually_reduced_2xgf.pdb,50,"X928,X954,X949",4,8,TRUE,3,FALSE,C,0.1,
10,1,p01_run10_2xgf,A:B:C:150-160,/content/p01_run10_2xgf_X928_X954_X939_r30.pdb,50,"A928,A954,A939,B928,B954,B939,C928,C954,C939",4,8,TRUE,3,FALSE,C,0.1,
11,1,p01_run11_2xgf,A:B:C:100-110,/content/manually_reduced_2xgf.pdb,50,"X928,X979",4,8,TRUE,3,FALSE,C,0.1,
12,1,p01_run12_2xgf,A:B:C:100-110,/content/manually_reduced_2xgf.pdb,50,"A928,A979",4,8,TRUE,3,FALSE,C,0.1,
12b,1,p01_run12b_2xgf,A:B:C:50-70,/content/manually_reduced_2xgf.pdb,50,"A928,A979",4,8,TRUE,3,FALSE,C,0.1,A typo correccted by adding 'b'
13,1,p01_run13_2xgf,A:B:C:150-160,/content/p01_run13_to_26_2xgf_X903_X907_X904_X902_r50.pdb,50,"A903,A904,B903,B904,C903,C904",4,8,TRUE,3,FALSE,C,0.1,
14,1,p01_run14_2xgf,A:B:C:150-160,/content/p01_run13_to_26_2xgf_X903_X907_X904_X902_r50.pdb,50,"X903,X902",4,8,TRUE,3,FALSE,C,0.1,
15,1,p01_run15_2xgf,A:B:C:150-160,/content/p01_run13_to_26_2xgf_X903_X907_X904_X902_r50.pdb,50,"A907,B907,C907,A904,B904,C904",4,8,TRUE,3,FALSE,C,0.1,
16,1,p01_run16_2xgf,A:B:C:150-160,/content/p01_run13_to_26_2xgf_X903_X907_X904_X902_r50.pdb,50,"A907,B907,C907,A902,B902,C902",4,8,TRUE,3,FALSE,C,0.1,
17,1,p01_run17_2xgf,A:B:C:150-160,/content/p01_run13_to_26_2xgf_X903_X907_X904_X902_r50.pdb,50,"A903,A907,A904,B903,B907,B904,C903,C907,C904",4,8,TRUE,3,FALSE,C,0.1,
18,1,p01_run18_2xgf,A:B:C:150-160,/content/p01_run13_to_26_2xgf_X903_X907_X904_X902_r50.pdb,50,"A903,A907,A902,B903,B907,B902,C903,C907,C902",4,8,TRUE,3,FALSE,C,0.1,
19,1,p01_run19_2xgf,A:B:C:150-160,/content/p01_run13_to_26_2xgf_X903_X907_X904_X902_r50.pdb,50,"A903,A907,A904,A902,B903,B907,B904,B902,C903,C907,C904,C902",4,8,TRUE,3,FALSE,C,0.1,
20,1,p01_run17_2xgf,A:B:C:150-160,/content/p01_run13_to_26_2xgf_X903_X907_X904_X902_r50.pdb,50,"A903,A904",4,8,TRUE,3,FALSE,C,0.1,
21,1,p01_run17_2xgf,A:B:C:150-160,/content/p01_run13_to_26_2xgf_X903_X907_X904_X902_r50.pdb,50,"A903,A902",4,8,TRUE,3,FALSE,C,0.1,
22,1,p01_run22_2xgf,A:B:C:150-160,/content/p01_run13_to_26_2xgf_X903_X907_X904_X902_r50.pdb,50,"A907,A904",4,8,TRUE,3,FALSE,C,0.1,
23,1,p01_run23_2xgf,A:B:C:150-160,/content/p01_run13_to_26_2xgf_X903_X907_X904_X902_r50.pdb,50,"A907,A902",4,8,TRUE,3,FALSE,C,0.1,
24,1,p01_run24_2xgf,A:B:C:150-160,/content/p01_run13_to_26_2xgf_X903_X907_X904_X902_r50.pdb,50,"A903,A907,A904",4,8,TRUE,3,FALSE,C,0.1,
25,1,p01_run25_2xgf,A:B:C:150-160,/content/p01_run13_to_26_2xgf_X903_X907_X904_X902_r50.pdb,50,"A903,A907,A902",4,8,TRUE,3,FALSE,C,0.1,
26,1,p01_run26_2xgf,A:B:C:150-160,/content/p01_run13_to_26_2xgf_X903_X907_X904_X902_r50.pdb,50,"A903,A907,A904,A902",4,8,TRUE,3,FALSE,C,0.1,
27,1,p01_run27_7vs5,A:B:C:D:E:F:150-160,/content/p01_run27_7vs5_vertex_A230_A235_r40.pdb,50,"A230,A235",2,8,TRUE,3,FALSE,C,0.1,
28,1,,,,,,,,,,,,,"We forgot to create 28, but left this row empty on purpos"
29,1,p01_run29_7vs5,A:B:C:D:E:150-160,/content/p01_run29_7vs5_vertex_A242_A245_r40.pdb,50,"A242,A245",4,8,TRUE,3,FALSE,C,0.1,
30,1,p01_run50_2xgf,A:B:C:100-110,/content/p01_run50_7vs5_vertex_A130_A134_B235_r30.pdb,50,"A130,A134,B235",2,4,TRUE,3,FALSE,C,0.1,
31,1,p01_run51_2xgf,A:B:C:100-110,/content/p01_run51_7vs5_vertex_A84_A100_A140_r30.pdb,50,"A84,A100,A140",2,4,TRUE,3,FALSE,C,0.1,
32,1,p01_run52_2xgf,A:B:C:J:100-110,/content/p01_run52_7vs5_vertex_A111_A135_B390_r30.pdb,50,"A11,A135,B390",2,4,TRUE,3,FALSE,C,0.1,
33,1,p01_run53_2xgf,A:B:C:F:G:H:I:J:M:100-110,/content/p01_run53_7vs5_vertex_J470_G465_r30.pdb,50,"J470,G465",2,4,TRUE,3,FALSE,C,0.1,
34,1,p01_run54_2xgf,A:B:E:F:G:H:J:100-110,/content/p01_run54_7vs5_vertex_A64_A386_r30.pdb,50,"A64,A386",2,4,TRUE,3,FALSE,C,0.1,
35,1,p01_run55_2xgf,A:B:C:G:I:J:K:100-110,/content/p01_run55_7vs5_vertex_C19_C22_B48_B49_J281_r30.pdb,50,"C19,C22,B48,B49,J281",4,4,TRUE,3,FALSE,C,0.1,"It seemed really intersting to Tony! he doubled the sequences
UPDATE: it was indeed interesting, yeah baby!"
36,1,p01_run56_2xgf,A:B:E:F:G:H:J:100-110,/content/p01_run56_7vs5_vertex_A390_A89_A63_r30.pdb,50,"A390,A89,A63",2,4,TRUE,3,FALSE,C,0.1,
1,2,p02_run02_5b61,A:90-120,/content/gfp_first_chain.pdb,50,"A143,A57,A210",4,8,TRUE,3,FALSE,C,0.1,
2,2,p02_run03_5b61,A:120-160,/content/gfp_first_chain.pdb,50,"A143,A57,A17",8,8,TRUE,3,FALSE,C,0.1,
3,2,p02_run04_5b61,A:90-160,/content/gfp_first_chain.pdb,50,"A143,A57,A172",8,8,TRUE,3,FALSE,C,0.1,
4,2,p02_run05_5b61,A:90-120,/content/gfp_first_chain.pdb,50,"A:176,A178",4,8,TRUE,3,FALSE,C,0.1,